{
  "experiment_id": "tail_to_other_20260122_012654",
  "num_classes": 142,
  "num_samples": 521,
  "timestamp": "2026-01-22T01:26:56.714865",
  "accuracy_at_1": 0.30902111324376197,
  "accuracy_at_5": 0.6199616122840691,
  "micro_f1": 0.30902111324376197,
  "macro_f1": 0.1807692709080535,
  "weighted_f1": 0.2807420561390877
}