{
  "final_epoch": 100,
  "train_loss_final": 0.12937007402493195,
  "val_loss_final": 3.9620140971559468,
  "tail_to_other": true,
  "head_threshold": 10,
  "num_classes": 142,
  "seed": 42,
  "completed_at": "2026-01-22T01:26:56.724901"
}